parameter;mean;sd
r;0.28;0.15
g;0.1425;0.11
e;0.088;0.08
sj1;0.37;0.15
sj2;0.47;0.06
sj3;0.6;0.1
sj4;0.7;0
sj5;0.83;0.06
sj6;0.97;0.06
sj7;0.97;0.06
sa;0.97;0.06
f1;3528.7;1624.79
f2;11639.21;3402.60021
f3;39246.90258;14348.536
f4;162869.0568;64466.67685
